id,date,name,done
0,2021-12-23,valorant五連殺或四連殺一次(或三連殺三次),0
1,2023-12-22,valorant五連殺或四連殺一次(或三連殺三次),1
2,2023-12-21,ppt123,0
3,2023-12-20,valorant五連殺或四連殺一次(或三連殺三次),0
4,2023-12-19,valorant五連殺或四連殺一次(或三連殺三次),0
5,2023-12-18,valorant五連殺或四連殺一次(或三連殺三次),0
6,2023-12-17,valorant五連殺或四連殺一次(或三連殺三次),0
7,2023-12-16,valorant五連殺或四連殺一次(或三連殺三次),0
8,2023-12-15,valorant五連殺或四連殺一次(或三連殺三次),0
9,2023-12-14,valorant五連殺或四連殺一次(或三連殺三次),0
10,2023-12-13,valorant五連殺或四連殺一次(或三連殺三次),0
11,2023-12-23,valorant五連殺或四連殺一次(或三連殺三次),1
12,2023-12-23,valorant五連殺或四連殺一次(或三連殺三次),1
13,2023-12-23,valorant五連殺或四連殺一次(或三連殺三次),1
14,2023-12-23,valorant五連殺或四連殺一次(或三連殺三次),0
15,2023-12-23,valorant五連殺或四連殺一次(或三連殺三次),0
16,2023-12-23,valorant五連殺或四連殺一次(或三連殺三次),0
17,2023-12-23,valorant五連殺或四連殺一次(或三連殺三次),0
18,2023-12-23,valorant五連殺或四連殺一次(或三連殺三次),0
19,2023-12-23,valorant五連殺或四連殺一次(或三連殺三次),0
20,2023-12-23,valorant五連殺或四連殺一次(或三連殺三次),0
21,2023-12-23,valorant五連殺或四連殺一次(或三連殺三次),0
22,2023-12-23,valorant五連殺或四連殺一次(或三連殺三次),0
23,2023-12-23,valorant五連殺或四連殺一次(或三連殺三次),0
24,2023-12-23,valorant五連殺或四連殺一次(或三連殺三次),0
25,2022-12-23,valorant,0